
{
  "header": {
    "reportVersion": 2,
    "event": "Allocation failed - JavaScript heap out of memory",
    "trigger": "FatalError",
    "filename": "report.20210613.125802.1662.0.001.json",
    "dumpEventTime": "2021-06-13T12:58:02Z",
    "dumpEventTimeStamp": "1623614282311",
    "processId": 1662,
    "threadId": null,
    "cwd": "/home/bcuser/Prog209/MoveHikingApp/hikingNode",
    "commandLine": [
      "node",
      "./bin/www"
    ],
    "nodejsVersion": "v12.16.2",
    "glibcVersionRuntime": "2.23",
    "glibcVersionCompiler": "2.17",
    "wordSize": 64,
    "arch": "x64",
    "platform": "linux",
    "componentVersions": {
      "node": "12.16.2",
      "v8": "7.8.279.23-node.34",
      "uv": "1.34.2",
      "zlib": "1.2.11",
      "brotli": "1.0.7",
      "ares": "1.15.0",
      "modules": "72",
      "nghttp2": "1.40.0",
      "napi": "5",
      "llhttp": "2.0.4",
      "http_parser": "2.9.3",
      "openssl": "1.1.1e",
      "cldr": "36.0",
      "icu": "65.1",
      "tz": "2019c",
      "unicode": "12.1"
    },
    "release": {
      "name": "node",
      "lts": "Erbium",
      "headersUrl": "https://nodejs.org/download/release/v12.16.2/node-v12.16.2-headers.tar.gz",
      "sourceUrl": "https://nodejs.org/download/release/v12.16.2/node-v12.16.2.tar.gz"
    },
    "osName": "Linux",
    "osRelease": "4.4.0-189-generic",
    "osVersion": "#219-Ubuntu SMP Tue Aug 11 12:26:50 UTC 2020",
    "osMachine": "x86_64",
    "cpus": [
      {
        "model": "Intel(R) Core(TM) i7-9700 CPU @ 3.00GHz",
        "speed": 3000,
        "user": 17094800,
        "nice": 343900,
        "sys": 3491200,
        "idle": 1287223200,
        "irq": 0
      }
    ],
    "networkInterfaces": [
      {
        "name": "lo",
        "internal": true,
        "mac": "00:00:00:00:00:00",
        "address": "127.0.0.1",
        "netmask": "255.0.0.0",
        "family": "IPv4"
      },
      {
        "name": "eth0",
        "internal": false,
        "mac": "08:00:27:e2:26:86",
        "address": "192.168.254.49",
        "netmask": "255.255.255.0",
        "family": "IPv4"
      },
      {
        "name": "eth0",
        "internal": false,
        "mac": "08:00:27:e2:26:86",
        "address": "fe80::6052:8abd:59f2:12b7",
        "netmask": "ffff:ffff:ffff:ffff::",
        "family": "IPv6",
        "scopeid": 2
      }
    ],
    "host": "autumn14"
  },
  "javascriptStack": {
    "message": "No stack.",
    "stack": [
      "Unavailable."
    ]
  },
  "nativeStack": [
    {
      "pc": "0x0000000000b40285",
      "symbol": "report::TriggerNodeReport(v8::Isolate*, node::Environment*, char const*, char const*, std::string const&, v8::Local<v8::String>) [node]"
    },
    {
      "pc": "0x0000000000a033ef",
      "symbol": "node::OnFatalError(char const*, char const*) [node]"
    },
    {
      "pc": "0x0000000000b76ffe",
      "symbol": "v8::Utils::ReportOOMFailure(v8::internal::Isolate*, char const*, bool) [node]"
    },
    {
      "pc": "0x0000000000b77379",
      "symbol": "v8::internal::V8::FatalProcessOutOfMemory(v8::internal::Isolate*, char const*, bool) [node]"
    },
    {
      "pc": "0x0000000000d23ad5",
      "symbol": " [node]"
    },
    {
      "pc": "0x0000000000cfbbf0",
      "symbol": "v8::internal::Factory::NewUninitializedFixedArray(int, v8::internal::AllocationType) [node]"
    },
    {
      "pc": "0x0000000000e6ae41",
      "symbol": " [node]"
    },
    {
      "pc": "0x0000000000e6b0f0",
      "symbol": " [node]"
    },
    {
      "pc": "0x00000000010140ab",
      "symbol": "v8::internal::Runtime_GrowArrayElements(int, unsigned long*, v8::internal::Isolate*) [node]"
    },
    {
      "pc": "0x00000000013c03d9",
      "symbol": " [node]"
    }
  ],
  "javascriptHeap": {
    "totalMemory": 2737975296,
    "totalCommittedMemory": 2703876048,
    "usedMemory": 2703410864,
    "availableMemory": 16960960,
    "memoryLimit": 2197815296,
    "heapSpaces": {
      "read_only_space": {
        "memorySize": 262144,
        "committedMemory": 33088,
        "capacity": 32808,
        "used": 32808,
        "available": 0
      },
      "new_space": {
        "memorySize": 33554432,
        "committedMemory": 35840,
        "capacity": 16759296,
        "used": 0,
        "available": 16759296
      },
      "old_space": {
        "memorySize": 4333568,
        "committedMemory": 4190088,
        "capacity": 4266016,
        "used": 4064352,
        "available": 201664
      },
      "code_space": {
        "memorySize": 430080,
        "committedMemory": 236224,
        "capacity": 208864,
        "used": 208864,
        "available": 0
      },
      "map_space": {
        "memorySize": 528384,
        "committedMemory": 514120,
        "capacity": 322560,
        "used": 322560,
        "available": 0
      },
      "large_object_space": {
        "memorySize": 1796304896,
        "committedMemory": 1796304896,
        "capacity": 1796268616,
        "used": 1796268616,
        "available": 0
      },
      "code_large_object_space": {
        "memorySize": 49152,
        "committedMemory": 49152,
        "capacity": 2784,
        "used": 2784,
        "available": 0
      },
      "new_large_object_space": {
        "memorySize": 902512640,
        "committedMemory": 902512640,
        "capacity": 902510880,
        "used": 902510880,
        "available": 0
      }
    }
  },
  "resourceUsage": {
    "userCpuSeconds": 2.36,
    "kernelCpuSeconds": 3.092,
    "cpuConsumptionPercent": 16.5212,
    "maxRss": 2737684480,
    "pageFaults": {
      "IORequired": 20,
      "IONotRequired": 666129
    },
    "fsActivity": {
      "reads": 2456,
      "writes": 0
    }
  },
  "uvthreadResourceUsage": {
    "userCpuSeconds": 1.908,
    "kernelCpuSeconds": 3.116,
    "cpuConsumptionPercent": 15.2242,
    "fsActivity": {
      "reads": 2456,
      "writes": 0
    }
  },
  "libuv": [
  ],
  "workers": [
  ],
  "environmentVariables": {
    "LESSOPEN": "| /usr/bin/lesspipe %s",
    "npm_config_cache_lock_stale": "60000",
    "npm_config_ham_it_up": "",
    "GNOME_KEYRING_PID": "",
    "npm_config_legacy_bundling": "",
    "npm_config_sign_git_tag": "",
    "USER": "bcuser",
    "LANGUAGE": "en_US",
    "UPSTART_INSTANCE": "",
    "J2SDKDIR": "/usr/lib/jvm/java-8-oracle",
    "npm_config_user_agent": "npm/6.14.4 node/v12.16.2 linux x64",
    "npm_config_always_auth": "",
    "XDG_SEAT": "seat0",
    "npm_config_bin_links": "true",
    "npm_config_key": "",
    "SESSION": "Lubuntu",
    "XDG_SESSION_TYPE": "x11",
    "npm_config_allow_same_version": "",
    "npm_config_description": "true",
    "npm_config_fetch_retries": "2",
    "npm_config_heading": "npm",
    "npm_config_if_present": "",
    "npm_config_init_version": "1.0.0",
    "npm_config_user": "",
    "npm_node_execpath": "/usr/local/bin/node",
    "SHLVL": "1",
    "J2REDIR": "/usr/lib/jvm/java-8-oracle/jre",
    "npm_config_prefer_online": "",
    "npm_config_noproxy": "",
    "OLDPWD": "/home/bcuser/Prog209",
    "HOME": "/home/bcuser",
    "QT4_IM_MODULE": "",
    "npm_config_force": "",
    "DESKTOP_SESSION": "Lubuntu",
    "npm_config_only": "",
    "npm_config_read_only": "",
    "npm_config_cache_min": "10",
    "npm_config_init_license": "ISC",
    "QT_LINUX_ACCESSIBILITY_ALWAYS_ON": "1",
    "XDG_SEAT_PATH": "/org/freedesktop/DisplayManager/Seat0",
    "npm_config_editor": "vi",
    "npm_config_rollback": "true",
    "npm_config_tag_version_prefix": "v",
    "INSTANCE": "",
    "npm_config_cache_max": "Infinity",
    "npm_config_timing": "",
    "npm_config_userconfig": "/home/bcuser/.npmrc",
    "DBUS_SESSION_BUS_ADDRESS": "unix:abstract=/tmp/dbus-BP5JyNQDSL",
    "npm_config_engine_strict": "",
    "npm_config_init_author_name": "",
    "npm_config_init_author_url": "",
    "npm_config_preid": "",
    "npm_config_tmp": "/tmp",
    "npm_config_depth": "Infinity",
    "npm_config_package_lock_only": "",
    "npm_config_save_dev": "",
    "npm_config_usage": "",
    "GNOME_KEYRING_CONTROL": "",
    "npm_config_metrics_registry": "https://registry.npmjs.org/",
    "npm_config_cafile": "",
    "npm_config_otp": "",
    "npm_config_package_lock": "true",
    "npm_config_progress": "true",
    "npm_config_https_proxy": "",
    "npm_config_save_prod": "",
    "QT_QPA_PLATFORMTHEME": "lxqt",
    "MANDATORY_PATH": "/usr/share/gconf/Lubuntu.mandatory.path",
    "IM_CONFIG_PHASE": "1",
    "SESSIONTYPE": "lxsession",
    "UPSTART_JOB": "lxsession",
    "npm_config_audit": "true",
    "npm_config_cidr": "",
    "npm_config_onload_script": "",
    "npm_config_sso_type": "oauth",
    "LOGNAME": "bcuser",
    "GTK_IM_MODULE": "",
    "npm_config_rebuild_bundle": "true",
    "npm_config_save_bundle": "",
    "npm_config_shell": "/bin/bash",
    "_": "/usr/local/bin/npm",
    "npm_package_private": "true",
    "npm_package_dependencies_express": "~4.16.1",
    "npm_config_dry_run": "",
    "npm_config_format_package_lock": "true",
    "npm_config_prefix": "/usr/local",
    "DEFAULTS_PATH": "/usr/share/gconf/Lubuntu.default.path",
    "npm_config_scope": "",
    "npm_config_browser": "",
    "npm_config_cache_lock_wait": "10000",
    "npm_config_ignore_prepublish": "",
    "npm_config_registry": "https://registry.npmjs.org/",
    "npm_config_save_optional": "",
    "npm_config_searchopts": "",
    "npm_config_versions": "",
    "XDG_SESSION_ID": "c2",
    "TERM": "xterm",
    "npm_config_cache": "/home/bcuser/.npm",
    "npm_config_proxy": "",
    "npm_config_send_metrics": "",
    "SAL_USE_VCLPLUGIN": "gtk",
    "npm_package_scripts_start": "node ./bin/www",
    "npm_config_global_style": "",
    "npm_config_ignore_scripts": "",
    "npm_config_version": "",
    "npm_config_local_address": "",
    "npm_config_viewer": "man",
    "npm_config_node_gyp": "/usr/local/lib/node_modules/npm/node_modules/node-gyp/bin/node-gyp.js",
    "PATH": "/usr/local/lib/node_modules/npm/node_modules/npm-lifecycle/node-gyp-bin:/home/bcuser/Prog209/MoveHikingApp/hikingNode/node_modules/.bin:/home/bcuser/pigstuff/pig-0.16.0/bin:/home/bcuser/bin:/usr/local/sbin:/usr/local/bin:/usr/sbin:/usr/bin:/sbin:/bin:/usr/games:/usr/local/games:/snap/bin:/usr/lib/jvm/java-8-oracle/bin:/usr/lib/jvm/java-8-oracle/db/bin:/usr/lib/jvm/java-8-oracle/jre/bin:/home/bcuser/Eclipse/sdk/tools:/home/bcuser/Eclipse/sdk/platform-tools",
    "DERBY_HOME": "/usr/lib/jvm/java-8-oracle/db",
    "GDM_LANG": "en_US",
    "npm_package_name": "hikingnode",
    "npm_package_dependencies_http_errors": "~1.6.3",
    "npm_config_audit_level": "low",
    "npm_config_prefer_offline": "",
    "NODE": "/usr/local/bin/node",
    "XDG_MENU_PREFIX": "lxde-",
    "XDG_SESSION_PATH": "/org/freedesktop/DisplayManager/Session0",
    "XDG_RUNTIME_DIR": "/run/user/1000",
    "npm_config_color": "true",
    "npm_config_sign_git_commit": "",
    "DISPLAY": ":0.0",
    "npm_config_fetch_retry_mintimeout": "10000",
    "npm_config_maxsockets": "50",
    "npm_config_offline": "",
    "npm_config_sso_poll_frequency": "500",
    "LANG": "en_US.UTF-8",
    "XDG_CURRENT_DESKTOP": "LXDE",
    "npm_config_umask": "0002",
    "LS_COLORS": "rs=0:di=01;34:ln=01;36:mh=00:pi=40;33:so=01;35:do=01;35:bd=40;33;01:cd=40;33;01:or=40;31;01:mi=00:su=37;41:sg=30;43:ca=30;41:tw=30;42:ow=34;42:st=37;44:ex=01;32:*.tar=01;31:*.tgz=01;31:*.arc=01;31:*.arj=01;31:*.taz=01;31:*.lha=01;31:*.lz4=01;31:*.lzh=01;31:*.lzma=01;31:*.tlz=01;31:*.txz=01;31:*.tzo=01;31:*.t7z=01;31:*.zip=01;31:*.z=01;31:*.Z=01;31:*.dz=01;31:*.gz=01;31:*.lrz=01;31:*.lz=01;31:*.lzo=01;31:*.xz=01;31:*.bz2=01;31:*.bz=01;31:*.tbz=01;31:*.tbz2=01;31:*.tz=01;31:*.deb=01;31:*.rpm=01;31:*.jar=01;31:*.war=01;31:*.ear=01;31:*.sar=01;31:*.rar=01;31:*.alz=01;31:*.ace=01;31:*.zoo=01;31:*.cpio=01;31:*.7z=01;31:*.rz=01;31:*.cab=01;31:*.jpg=01;35:*.jpeg=01;35:*.gif=01;35:*.bmp=01;35:*.pbm=01;35:*.pgm=01;35:*.ppm=01;35:*.tga=01;35:*.xbm=01;35:*.xpm=01;35:*.tif=01;35:*.tiff=01;35:*.png=01;35:*.svg=01;35:*.svgz=01;35:*.mng=01;35:*.pcx=01;35:*.mov=01;35:*.mpg=01;35:*.mpeg=01;35:*.m2v=01;35:*.mkv=01;35:*.webm=01;35:*.ogm=01;35:*.mp4=01;35:*.m4v=01;35:*.mp4v=01;35:*.vob=01;35:*.qt=01;35:*.nuv=01;35:*.wmv=01;35:*.asf=01;35:*.rm=01;35:*.rmvb=01;35:*.flc=01;35:*.avi=01;35:*.fli=01;35:*.flv=01;35:*.gl=01;35:*.dl=01;35:*.xcf=01;35:*.xwd=01;35:*.yuv=01;35:*.cgm=01;35:*.emf=01;35:*.ogv=01;35:*.ogx=01;35:*.aac=00;36:*.au=00;36:*.flac=00;36:*.m4a=00;36:*.mid=00;36:*.midi=00;36:*.mka=00;36:*.mp3=00;36:*.mpc=00;36:*.ogg=00;36:*.ra=00;36:*.wav=00;36:*.oga=00;36:*.opus=00;36:*.spx=00;36:*.xspf=00;36:",
    "XMODIFIERS": "",
    "XDG_CONFIG_HOME": "/home/bcuser/.config",
    "XDG_SESSION_DESKTOP": "Lubuntu",
    "XAUTHORITY": "/home/bcuser/.Xauthority",
    "npm_config_fund": "true",
    "npm_config_fetch_retry_maxtimeout": "60000",
    "npm_config_loglevel": "notice",
    "npm_config_logs_max": "10",
    "npm_config_message": "%s",
    "npm_lifecycle_script": "node ./bin/www",
    "XDG_GREETER_DATA_DIR": "/var/lib/lightdm-data/bcuser",
    "SSH_AUTH_SOCK": "/run/user/1000/keyring/ssh",
    "npm_config_ca": "",
    "npm_config_cert": "",
    "npm_config_global": "",
    "npm_config_link": "",
    "SHELL": "/bin/bash",
    "ANDROID_PLATFORM_TOOLS": "/home/bcuser/Eclipse/sdk/platform-tools",
    "NODE_PATH": "/usr/lib/nodejs:/usr/lib/node_modules:/usr/share/javascript",
    "npm_package_version": "0.0.0",
    "npm_config_access": "",
    "npm_config_also": "",
    "npm_config_save": "true",
    "npm_config_unicode": "true",
    "npm_lifecycle_event": "start",
    "QT_ACCESSIBILITY": "1",
    "GDMSESSION": "Lubuntu",
    "npm_config_argv": "{\"remain\":[],\"cooked\":[\"start\"],\"original\":[\"start\"]}",
    "npm_config_before": "",
    "npm_config_long": "",
    "npm_config_production": "",
    "npm_config_searchlimit": "20",
    "npm_config_unsafe_perm": "true",
    "npm_config_update_notifier": "true",
    "LESSCLOSE": "/usr/bin/lesspipe %s %s",
    "npm_config_auth_type": "legacy",
    "npm_config_node_version": "12.16.2",
    "npm_config_tag": "latest",
    "JSOBJECTS": "/home/bcuser/Git/JsObjects",
    "_LXSESSION_PID": "2185",
    "UPSTART_EVENTS": "started xsession",
    "npm_package_dependencies_debug": "~2.6.9",
    "npm_config_git_tag_version": "true",
    "npm_config_commit_hooks": "true",
    "npm_config_script_shell": "",
    "npm_config_shrinkwrap": "true",
    "GPG_AGENT_INFO": "/home/bcuser/.gnupg/S.gpg-agent:0:1",
    "UPSTART_SESSION": "unix:abstract=/com/ubuntu/upstart-session/1000/1909",
    "npm_config_fetch_retry_factor": "10",
    "npm_config_save_exact": "",
    "npm_config_strict_ssl": "true",
    "XDG_VTNR": "7",
    "QT_IM_MODULE": "",
    "npm_package_dependencies_jade": "~1.11.0",
    "npm_config_dev": "",
    "npm_config_globalconfig": "/usr/local/etc/npmrc",
    "npm_config_init_module": "/home/bcuser/.npm-init.js",
    "npm_config_parseable": "",
    "PWD": "/home/bcuser/Prog209/MoveHikingApp/hikingNode",
    "JAVA_HOME": "/usr/lib/jvm/java-8-oracle",
    "npm_config_globalignorefile": "/usr/local/etc/npmignore",
    "npm_execpath": "/usr/local/lib/node_modules/npm/bin/npm-cli.js",
    "CLUTTER_IM_MODULE": "",
    "ANDROID_HOME": "/home/bcuser/Eclipse/sdk/tools",
    "XDG_CONFIG_DIRS": "/etc/xdg/lubuntu:/etc/xdg/xdg-Lubuntu:/usr/share/upstart/xdg:/etc/xdg",
    "XDG_DATA_DIRS": "/etc/xdg/lubuntu:/usr/share/gdm:/var/lib/menu-xdg:/usr/share/Lubuntu:/usr/local/share:/usr/share:/var/lib/snapd/desktop:/var/lib/snapd/desktop",
    "npm_config_cache_lock_retries": "10",
    "npm_config_searchstaleness": "900",
    "PYTHONPATH": ":/home/bcuser/Git/JsObjects/Python/:/home/bcuser/Git/JsObjects/Python/Utils/:",
    "npm_package_dependencies_cookie_parser": "~1.4.4",
    "npm_config_node_options": "",
    "npm_config_save_prefix": "^",
    "npm_config_scripts_prepend_node_path": "warn-only",
    "QT_PLATFORM_PLUGIN": "lxqt",
    "npm_config_group": "1000",
    "npm_config_init_author_email": "",
    "npm_config_searchexclude": "",
    "npm_config_git": "git",
    "npm_config_optional": "true",
    "JOB": "dbus",
    "npm_package_dependencies_morgan": "~1.9.1",
    "npm_config_json": "",
    "INIT_CWD": "/home/bcuser/Prog209/MoveHikingApp/hikingNode"
  },
  "userLimits": {
    "core_file_size_blocks": {
      "soft": 0,
      "hard": "unlimited"
    },
    "data_seg_size_kbytes": {
      "soft": "unlimited",
      "hard": "unlimited"
    },
    "file_size_blocks": {
      "soft": "unlimited",
      "hard": "unlimited"
    },
    "max_locked_memory_bytes": {
      "soft": 65536,
      "hard": 65536
    },
    "max_memory_size_kbytes": {
      "soft": "unlimited",
      "hard": "unlimited"
    },
    "open_files": {
      "soft": 1048576,
      "hard": 1048576
    },
    "stack_size_bytes": {
      "soft": 8388608,
      "hard": "unlimited"
    },
    "cpu_time_seconds": {
      "soft": "unlimited",
      "hard": "unlimited"
    },
    "max_user_processes": {
      "soft": 23130,
      "hard": 23130
    },
    "virtual_memory_kbytes": {
      "soft": "unlimited",
      "hard": "unlimited"
    }
  },
  "sharedObjects": [
    "/lib/x86_64-linux-gnu/libdl.so.2",
    "/usr/lib/x86_64-linux-gnu/libstdc++.so.6",
    "/lib/x86_64-linux-gnu/libm.so.6",
    "/lib/x86_64-linux-gnu/libgcc_s.so.1",
    "/lib/x86_64-linux-gnu/libpthread.so.0",
    "/lib/x86_64-linux-gnu/libc.so.6",
    "/lib64/ld-linux-x86-64.so.2"
  ]
}